[
    {
        "object_id": 0,
        "bounding_box": [
            936,
            346,
            1205,
            594
        ],
        "image_path": "./result/object_0.png"
    },
    {
        "object_id": 1,
        "bounding_box": [
            388,
            242,
            554,
            656
        ],
        "image_path": "./result/object_1.png"
    },
    {
        "object_id": 2,
        "bounding_box": [
            567,
            249,
            885,
            672
        ],
        "image_path": "./result/object_2.png"
    }
]